"asn","tg_op"
19037,"AR05"
11664,"AR05"
11315,"NULL"
10834,"AR04"
7303,"AR03"
38657,"AU06"
9443,"AU05"
7545,"AU08"
7474,"AU06"
4804,"AU06"
4802,"AU02"
4739,"AU02"
2764,"AU02"
1221,"AU07"
1257,"AT01"
1901,"AT02"
6830,"AT03"
8412,"NULL"
8437,"AT01"
8447,"AT02"
12635,"NULL"
12793,"AT02"
16305,"NULL"
25255,"NULL"
8514,"AT03"
24389,"NULL"
38721,"NULL"
45245,"NULL"
45588,"BD01"
45904,"BD02"
25106,"NULL"
42772,"NULL"
44087,"NULL"
6697,"BY02"
29005,"BE01"
34762,"NULL"
44944,"BE03"
47377,"BE02"
12493,"BE02"
6848,"BE04"
5432,"BE01"
25144,"BA04"
21107,"BA01"
20875,"BA03"
9146,"BA02"
7162,"NULL"
7738,"BR01"
8167,"BR01"
10429,"BR06"
11706,"BR06"
15180,"NULL"
16735,"BR02"
18881,"BR03"
19182,"BR06"
22085,"BR05"
22689,"NULL"
26599,"NULL"
26615,"NULL"
27699,"BR06"
28573,"BR05"
53006,"BR02"
19090,"BR05"
42735,"BG02"
13124,"BG01"
12716,"BG03"
8866,"BG05"
26230,"NULL"
35911,"CA01"
36522,"NULL"
36676,"NULL"
174,"NULL"
20453,"CA05"
15290,"CA04"
14663,"NULL"
14366,"CA07"
11489,"CA02"
11290,"CA03"
7992,"CA03"
7788,"NULL"
7122,"CA04"
6539,"CA02"
6327,"CA07"
5769,"CA09"
3602,"CA05"
855,"CA01"
852,"CA08"
812,"CA05"
803,"CA06"
577,"CA02"
32580,"NULL"
684,"CA04"
21548,"NULL"
27680,"NULL"
27925,"NULL"
27995,"NULL"
22047,"CL05"
15311,"CL03"
14259,"CL02"
14117,"CL02"
7418,"CL03"
6535,"CL06"
6471,"NULL"
6429,"CL06"
23650,"CN02"
23724,"CN02"
56046,"NULL"
17897,"CN02"
17816,"CN04"
17633,"CN02"
17622,"CN04"
17621,"CN04"
9808,"NULL"
9394,"CN03"
4847,"NULL"
4837,"CN04"
4813,"CN02"
4812,"CN02"
4808,"CN04"
4134,"CN02"
26611,"NULL"
27831,"NULL"
27921,"NULL"
19429,"CO01"
14080,"CO03"
13489,"CO04"
10620,"CO03"
3816,"CO02"
8065,"CO04"
20299,"CR01"
11830,"NULL"
3790,"CR02"
31012,"HR05"
34594,"HR03"
35648,"HR04"
13046,"HR04"
12810,"NULL"
5391,"HR04"
16229,"CY02"
15805,"NULL"
6866,"CY01"
5425,"CY02"
2819,"CZ01"
5610,"CZ02"
6830,"CZ04"
12767,"NULL"
13036,"CZ05"
28725,"CZ02"
29113,"CZ04"
29208,"CZ03"
197288,"DK04"
29542,"NULL"
39554,"DK01"
44034,"NULL"
9158,"DK02"
6785,"DK02"
3308,"DK03"
3292,"DK01"
28118,"NULL"
12066,"NULL"
6400,"DO01"
24863,"EG01"
36992,"NULL"
37069,"NULL"
15475,"NULL"
8452,"EG02"
20858,"NULL"
13272,"EE02"
3249,"EE01"
2586,"NULL"
1257,"NULL"
16014,"NULL"
16086,"FI01"
15527,"FI03"
12582,"FI05"
3336,"FI02"
1759,"FI05"
790,"FI02"
719,"FI02"
5515,"FI05"
3215,"FR02"
5410,"FR01"
6678,"FR05"
8228,"FR06"
9003,"FR05"
12322,"FR03"
12626,"FR06"
12670,"FR05"
12844,"NULL"
15557,"FR06"
21502,"FR05"
25186,"FR02"
28708,"FR02"
3209,"DE01"
3320,"DE02"
5430,"DE11"
6805,"DE10"
8881,"DE13"
12638,"NULL"
13184,"DE10"
15709,"DE01"
20825,"DE12"
29562,"DE12"
31334,"DE01"
39706,"DE10"
44178,"DE02"
25472,"GR03"
29247,"NULL"
6983,"NULL"
34248,"NULL"
12361,"NULL"
6866,"GR05"
6799,"GR02"
3329,"GR04"
1241,"GR01"
38819,"NULL"
17924,"NULL"
17444,"NULL"
10118,"HK02"
9925,"HK04"
9908,"HK03"
9444,"HK04"
9304,"HK02"
9269,"HK01"
9231,"NULL"
4760,"HK04"
4515,"HK04"
34588,"HU03"
197248,"NULL"
21334,"NULL"
20845,"HU06"
12301,"HU03"
8448,"NULL"
8358,"HU02"
6830,"HU05"
5513,"NULL"
5483,"HU04"
3340,"HU02"
8696,"HU03"
12969,"IS02"
4755,"IN06"
9498,"IN02"
9583,"NULL"
9829,"IN01"
10199,"IN06"
10201,"NULL"
17762,"IN09"
17803,"NULL"
17813,"IN03"
17908,"IN06"
17917,"IN07"
18101,"IN04"
24560,"IN02"
38266,"NULL"
45271,"NULL"
45609,"NULL"
55441,"IN09"
55740,"NULL"
55831,"NULL"
131222,"IN08"
23693,"NULL"
23700,"ID01"
24203,"NULL"
38149,"ID04"
45727,"NULL"
18004,"NULL"
17974,"ID02"
4795,"ID03"
4761,"NULL"
2110,"NULL"
25441,"IE04"
31122,"IE02"
31458,"IE02"
34245,"IE05"
35272,"IE04"
21327,"NULL"
15751,"NULL"
15502,"IE09"
13280,"NULL"
6830,"IE08"
5466,"IE03"
12400,"NULL"
9117,"NULL"
9116,"IL03"
8551,"IL01"
1680,"IL04"
24608,"NULL"
30722,"IT05"
35612,"NULL"
44957,"IT05"
20959,"IT02"
16232,"NULL"
12874,"IT01"
8968,"NULL"
8612,"IT03"
3269,"IT02"
1267,"IT04"
2497,"JP03"
2514,"JP06"
2516,"JP05"
4716,"JP05"
4725,"JP07"
4732,"JP05"
9597,"JP05"
9609,"JP02"
17676,"JP07"
17697,"JP06"
24572,"JP07"
23816,"JP07"
37903,"NULL"
44290,"JO03"
48832,"NULL"
9038,"JO02"
8697,"JO01"
8376,"JO01"
36915,"KE02"
37061,"NULL"
15808,"KE01"
15399,"KE05"
12455,"KE04"
24651,"NULL"
24921,"NULL"
20910,"LV01"
13194,"NULL"
12578,"LV03"
6851,"LV02"
1257,"NULL"
42675,"LT04"
21412,"LT01"
15419,"LT02"
13194,"NULL"
8764,"LT04"
5522,"NULL"
1257,"NULL"
34769,"NULL"
48526,"NULL"
8632,"NULL"
6661,"LU01"
4609,"MO01"
16333,"MK03"
6821,"MK02"
38322,"MY02"
17971,"MY03"
10081,"NULL"
10030,"NULL"
9534,"NULL"
4818,"NULL"
4788,"MY03"
28509,"MX02"
28512,"MX02"
28518,"MX03"
28548,"MX03"
28554,"MX02"
14000,"MX01"
13999,"MX04"
11888,"MX03"
6503,"MX01"
36884,"NULL"
6713,"MA01"
286,"NL03"
31615,"NULL"
15670,"NL04"
15480,"NULL"
15435,"NL02"
13127,"NL04"
9143,"NL06"
8737,"NL03"
6830,"NL05"
5390,"NL07"
1134,"NULL"
1257,"NL04"
38793,"NULL"
17746,"NZ06"
9790,"NZ05"
9325,"NZ01"
7657,"NZ03"
4771,"NZ01"
4768,"NZ03"
4648,"NZ01"
2570,"NZ01"
17412,"NULL"
2116,"NO06"
2119,"NO04"
41164,"NO01"
15659,"NO02"
12929,"NULL"
8786,"NO04"
3307,"NO06"
1257,"NULL"
38264,"PK02"
38547,"PK03"
38616,"PK04"
38710,"PK04"
45595,"PK01"
17557,"PK01"
11556,"PA01"
27702,"NULL"
12252,"PE02"
6147,"PE01"
24106,"NULL"
45664,"PH06"
10139,"PH07"
9658,"PH04"
9497,"PH07"
9299,"PH07"
7629,"NULL"
6648,"PH01"
4775,"PH05"
29314,"PL08"
39603,"NULL"
43447,"PL09"
43939,"PL02"
21021,"PL01"
15857,"PL02"
12968,"PL02"
12912,"NULL"
12741,"PL02"
12476,"PL06"
8374,"NULL"
6830,"PL06"
5617,"PL09"
30824,"PL01"
9141,"PL06"
16366,"PL06"
12743,"PL09"
34275,"PL06"
24698,"PT04"
42863,"NULL"
15525,"PT02"
15457,"PT04"
13156,"PT01"
12542,"PT04"
12353,"PT05"
3243,"PT02"
2860,"PT04"
1897,"PT04"
25877,"NULL"
14638,"PR02"
11992,"NULL"
10396,"PR04"
35002,"RO03"
48161,"RO03"
21220,"NULL"
12310,"RO02"
12302,"NULL"
9050,"RO05"
8953,"NULL"
8708,"RO04"
6830,"RO06"
6746,"RO06"
34375,"RO04"
25019,"SA04"
34400,"NULL"
35819,"NULL"
47794,"SA02"
15982,"RS03"
15958,"NULL"
9125,"RS01"
8400,"RS02"
28964,"RS01"
45143,"NULL"
55430,"SG05"
17547,"SG01"
10091,"SG05"
9874,"SG05"
9506,"SG04"
4773,"SG01"
4657,"SG05"
4628,"SG02"
3758,"SG04"
28725,"NULL"
15962,"NULL"
6855,"SK02"
6830,"SK03"
5628,"SK02"
29276,"NULL"
33929,"SI05"
34779,"SI02"
41828,"NULL"
21283,"NULL"
16016,"SI04"
12644,"SI05"
8591,"SI01"
5603,"SI03"
3212,"SI05"
36943,"ZA06"
37168,"NULL"
18302,"NULL"
17858,"KR07"
17853,"NULL"
9964,"KR02"
9768,"KR02"
9644,"NULL"
9318,"KR06"
9316,"KR07"
4766,"KR02"
3786,"KR07"
20838,"ES04"
16338,"ES02"
12946,"NULL"
12715,"ES03"
12479,"ES04"
12430,"ES06"
12357,"ES06"
12338,"ES01"
6739,"ES02"
3352,"ES05"
45356,"NULL"
18001,"LK01"
9329,"LK02"
2119,"SE03"
25169,"SE03"
39651,"SE01"
44034,"NULL"
44581,"NULL"
8434,"SE03"
3301,"SE04"
1729,"SE04"
1299,"SE04"
1257,"NULL"
3303,"CH03"
6730,"CH02"
8404,"CH01"
15796,"NULL"
44038,"CH03"
24158,"NULL"
24154,"NULL"
17421,"NULL"
9680,"TW01"
9674,"NULL"
7482,"NULL"
3462,"TW01"
24378,"NULL"
38444,"NULL"
45758,"TH03"
55465,"TH03"
55490,"NULL"
18252,"NULL"
17552,"TH02"
9931,"TH04"
9737,"TH01"
7470,"TH02"
131090,"TH04"
131089,"NULL"
27665,"TT01"
5639,"TT02"
2609,"TN06"
34104,"TR03"
34984,"TR03"
47524,"TR02"
47883,"NULL"
20978,"NULL"
16135,"NULL"
15897,"NULL"
9121,"TR01"
8386,"TR06"
25229,"UA07"
31343,"NULL"
34058,"NULL"
35233,"NULL"
35757,"UA07"
39536,"UA07"
42336,"UA07"
42396,"NULL"
42471,"UA07"
49559,"UA07"
21497,"NULL"
21219,"UA02"
15895,"NULL"
12883,"UA06"
12530,"NULL"
8788,"NULL"
8359,"NULL"
6877,"UA05"
6849,"UA05"
6703,"UA06"
12421,"NULL"
15802,"AE01"
5384,"AE02"
2529,"NULL"
2856,"GB02"
4589,"GB01"
5089,"GB09"
5388,"NULL"
5607,"GB01"
8897,"GB05"
9105,"GB04"
12390,"GB05"
12576,"NULL"
13285,"GB04"
21327,"NULL"
25041,"GB02"
29180,"GB01"
29328,"GB07"
35228,"GB01"
35736,"GB07"
43234,"GB04"
5462,"GB09"
7132,"US19"
19262,"US16"
22773,"US09"
33651,"US07"
209,"US20"
33491,"US07"
6128,"US02"
6389,"US19"
33650,"US07"
7015,"US07"
7725,"US07"
20214,"US07"
33287,"US07"
16586,"US06"
33652,"US07"
33657,"US07"
33668,"US07"
33490,"US07"
7922,"US07"
33363,"US01"
6478,"US19"
13367,"US07"
7016,"US07"
33662,"US07"
7029,"US17"
7018,"US19"
5650,"US12"
33660,"US07"
36727,"US15"
21508,"US07"
7757,"US07"
13432,"US09"
22258,"US07"
7011,"US12"
2379,"US20"
22394,"NULL"
5668,"US20"
33489,"US07"
33654,"US07"
6181,"US05"
22561,"NULL"
10507,"NULL"
4323,"US15"
5778,"US20"
30036,"US14"
33661,"US07"
33666,"US07"
22318,"US09"
33653,"US07"
701,"NULL"
11530,"US20"
20057,"NULL"
20255,"UY02"
19422,"NULL"
6057,"UY01"
27717,"NULL"
27889,"NULL"
21826,"VE02"
8048,"VE01"
6306,"NULL"
24086,"VN04"
45899,"VN03"
18403,"VN01"
7552,"NULL"
28717,"NULL"
31027,"NULL"
31661,"DK01"
33796,"NULL"
34823,"NULL"
34848,"NULL"
34932,"NULL"
35376,"NULL"
35637,"NULL"
39642,"NULL"
42525,"NULL"
43557,"NULL"
47154,"NULL"
16245,"NULL"
16095,"NULL"
15516,"DK01"
9167,"NULL"
1835,"NULL"
553,"NULL"
680,"NULL"
702,"NULL"
1668,"NULL"
6724,"NULL"
8422,"DE07"
8560,"NULL"
8972,"NULL"
12312,"NULL"
15747,"NULL"
20676,"NULL"
20773,"NULL"
24940,"NULL"
28753,"NULL"
31399,"NULL"
8767,"NULL"
27747,"NULL"
27813,"NULL"
27927,"NULL"
27984,"NULL"
28114,"NULL"
20207,"NULL"
16814,"NULL"
10481,"AR01"
10318,"AR01"
3549,"NULL"
27833,"NULL"
23702,"NULL"
24105,"NULL"
24436,"NULL"
38285,"AU05"
38333,"NULL"
38640,"NULL"
56132,"NULL"
19271,"NULL"
18390,"NULL"
18359,"NULL"
18291,"NULL"
18104,"NULL"
17819,"NULL"
17561,"NULL"
17486,"NULL"
10143,"NULL"
10113,"NULL"
9942,"NULL"
9822,"NULL"
9723,"NULL"
9650,"NULL"
9556,"NULL"
9555,"NULL"
9543,"AU02"
9315,"NULL"
7718,"NULL"
7575,"NULL"
7573,"NULL"
7543,"NULL"
4854,"NULL"
703,"NULL"
9797,"NULL"
45611,"NULL"
23604,"NULL"
38484,"NULL"
18111,"NULL"
4764,"NULL"
24093,"NULL"
23871,"NULL"
7496,"NULL"
679,"NULL"
760,"NULL"
1109,"NULL"
1110,"NULL"
1113,"NULL"
1205,"NULL"
1853,"NULL"
3248,"AT01"
5385,"NULL"
5403,"NULL"
6720,"NULL"
8245,"NULL"
8339,"NULL"
8445,"NULL"
12605,"NULL"
35369,"NULL"
39518,"NULL"
39912,"NULL"
23688,"NULL"
23893,"NULL"
23923,"NULL"
23956,"NULL"
24122,"NULL"
24323,"NULL"
24342,"NULL"
24481,"NULL"
38023,"NULL"
38031,"NULL"
38267,"NULL"
38556,"NULL"
38558,"NULL"
38712,"NULL"
45276,"NULL"
45951,"BD03"
56115,"NULL"
18230,"NULL"
17806,"NULL"
17494,"BD01"
17471,"NULL"
17469,"NULL"
9832,"NULL"
9230,"NULL"
7565,"NULL"
38203,"NULL"
38137,"NULL"
38200,"NULL"
38071,"NULL"
38230,"NULL"
38067,"NULL"
24556,"NULL"
24827,"NULL"
20852,"BY01"
12406,"NULL"
29587,"NULL"
39318,"NULL"
48315,"NULL"
48517,"NULL"
13127,"NULL"
12392,"NULL"
9208,"NULL"
9031,"NULL"
8220,"NULL"
8201,"NULL"
3304,"BE01"
2611,"NULL"
34665,"NULL"
35567,"NULL"
42432,"NULL"
42450,"NULL"
42560,"NULL"
43179,"NULL"
47959,"NULL"
16178,"NULL"
42571,"NULL"
9119,"NULL"
42983,"NULL"
1251,"NULL"
1916,"NULL"
2715,"NULL"
3549,"NULL"
4230,"BR05"
6505,"NULL"
17379,"BR12"
23106,"NULL"
27715,"NULL"
27724,"NULL"
28202,"NULL"
28220,"NULL"
28260,"NULL"
28270,"NULL"
28347,"NULL"
28571,"NULL"
28652,"NULL"
53128,"NULL"
2510,"NULL"
2518,"JP09"
2519,"NULL"
2527,"NULL"
2554,"NULL"
2907,"NULL"
2914,"NULL"
4685,"NULL"
4694,"NULL"
4713,"JP06"
4721,"NULL"
7506,"NULL"
7514,"NULL"
7672,"NULL"
9370,"NULL"
9371,"NULL"
9595,"NULL"
9600,"NULL"
9617,"JP04"
9824,"JP04"
10010,"NULL"
10013,"NULL"
17506,"NULL"
17511,"NULL"
17819,"NULL"
17941,"NULL"
38462,"NULL"
38640,"NULL"
55386,"NULL"
55475,"NULL"
56291,"NULL"
4691,"NULL"
39559,"NULL"
42912,"NULL"
44466,"NULL"
44702,"NULL"
47887,"NULL"
57393,"NULL"
21088,"NULL"
12524,"NULL"
8934,"NULL"
8452,"NULL"
33770,"KE03"
33771,"NULL"
36866,"NULL"
36914,"NULL"
37219,"NULL"
21280,"NULL"
17175,"NULL"
12491,"NULL"
12440,"NULL"
5713,"NULL"
9129,"NULL"
16422,"NULL"
24589,"NULL"
24620,"NULL"
28843,"NULL"
29600,"NULL"
34001,"NULL"
34354,"NULL"
35333,"NULL"
39365,"NULL"
41563,"NULL"
41898,"NULL"
43075,"NULL"
44220,"NULL"
44483,"NULL"
48722,"NULL"
21156,"NULL"
21016,"NULL"
20797,"NULL"
20662,"NULL"
12993,"NULL"
8605,"NULL"
8285,"NULL"
8206,"NULL"
5538,"NULL"
5518,"NULL"
2588,"NULL"
57516,"NULL"
34620,"NULL"
24634,"NULL"
30721,"NULL"
31126,"NULL"
34708,"NULL"
35197,"NULL"
39010,"NULL"
41589,"NULL"
41833,"NULL"
42003,"LB01"
43373,"NULL"
47935,"NULL"
16130,"NULL"
12653,"NULL"
9051,"NULL"
8261,"NULL"
29578,"NULL"
24852,"NULL"
24877,"NULL"
25190,"NULL"
25406,"NULL"
28679,"NULL"
29625,"NULL"
33922,"NULL"
34857,"NULL"
39007,"LT05"
39354,"NULL"
43627,"NULL"
43649,"NULL"
43700,"NULL"
21211,"NULL"
15440,"NULL"
8486,"NULL"
5377,"NULL"
2847,"NULL"
42848,"NULL"
12684,"NULL"
9008,"LU01"
5577,"NULL"
2602,"NULL"
21502,"NULL"
43375,"NULL"
9045,"NULL"
44042,"NULL"
24875,"NULL"
25459,"NULL"
25525,"NULL"
25596,"NULL"
28685,"NULL"
28878,"NULL"
29396,"NULL"
34233,"NULL"
35470,"NULL"
38930,"NULL"
39309,"NULL"
39556,"NULL"
42755,"NULL"
47869,"NULL"
48635,"NULL"
49544,"NULL"
49981,"NULL"
21221,"NULL"
21155,"NULL"
20857,"NULL"
20847,"NULL"
20507,"NL04"
20495,"NULL"
16265,"NULL"
16243,"NULL"
16237,"NULL"
16131,"NULL"
15879,"NULL"
15703,"NULL"
15542,"NULL"
13126,"NULL"
12871,"NULL"
12859,"NULL"
12634,"NULL"
12573,"NULL"
12414,"NULL"
9150,"NULL"
8426,"NULL"
8315,"NULL"
5615,"NL03"
4589,"NULL"
3265,"NL03"
1103,"NULL"
702,"NULL"
1101,"NULL"
34547,"NULL"
34772,"NULL"
41557,"MK04"
43612,"MK01"
49056,"NULL"
24731,"NULL"
25233,"NULL"
34397,"NULL"
8895,"NULL"
702,"NULL"
786,"NULL"
20312,"NULL"
11562,"NULL"
6871,"GB04"
8401,"NULL"
8468,"NULL"
12513,"GB05"
13037,"NULL"
15418,"NULL"
20500,"NULL"
20860,"NULL"
29129,"NULL"
29131,"NULL"
29550,"NULL"
29631,"NULL"
31290,"NULL"
39757,"NULL"
42003,"NULL"
42689,"NULL"
23655,"NULL"
24398,"NULL"
38305,"NULL"
38319,"NULL"
17492,"NULL"
17435,"NULL"
9889,"NULL"
9503,"NULL"
9433,"NULL"
9432,"NULL"
9431,"NULL"
4770,"NULL"
681,"NULL"
38473,"NULL"
38495,"NULL"
17705,"NULL"
224,"NULL"
29300,"NULL"
29492,"NULL"
29695,"NO08"
34087,"NULL"
35094,"NULL"
41572,"NULL"
49455,"NULL"
21318,"NULL"
16185,"NULL"
15765,"NULL"
12994,"NULL"
8542,"NULL"
5619,"NULL"
5381,"NULL"
3292,"NULL"
5400,"NULL"
16175,"NULL"
13069,"NULL"
27672,"MX04"
28615,"NULL"
19332,"NULL"
16960,"NULL"
13591,"NULL"
11172,"NULL"
8151,"MX05"
6332,"NULL"
594,"NULL"
3549,"NULL"
24750,"NULL"
24964,"NULL"
25206,"NULL"
25374,"NULL"
28898,"NULL"
29030,"NULL"
29084,"NULL"
29448,"NULL"
29556,"NULL"
29580,"BG03"
29582,"NULL"
29667,"NULL"
31250,"NULL"
31291,"NULL"
34224,"NULL"
34295,"NULL"
34361,"NULL"
34524,"NULL"
34569,"NULL"
34754,"NULL"
35141,"BG03"
35249,"NULL"
39184,"NULL"
39246,"NULL"
41313,"NULL"
42081,"NULL"
42248,"NULL"
42410,"NULL"
42411,"NULL"
42431,"NULL"
42555,"NULL"
43205,"BG06"
43548,"NULL"
43561,"NULL"
47982,"NULL"
48264,"NULL"
48917,"NULL"
51582,"NULL"
21415,"NULL"
20911,"NULL"
20876,"NULL"
12829,"NULL"
12615,"NULL"
9127,"NULL"
9070,"NULL"
9028,"NULL"
8877,"NULL"
8717,"BG03"
8672,"BG03"
6802,"NULL"
3245,"NULL"
28909,"NULL"
41019,"NULL"
239,"NULL"
25636,"NULL"
25668,"NULL"
30407,"NULL"
32233,"NULL"
32277,"NULL"
32491,"NULL"
32613,"NULL"
32881,"NULL"
32984,"NULL"
33139,"NULL"
74,"NULL"
35843,"NULL"
36493,"NULL"
40028,"NULL"
40029,"NULL"
40224,"NULL"
40473,"NULL"
47027,"NULL"
271,"NULL"
23184,"NULL"
23136,"NULL"
22995,"CA11"
22799,"NULL"
21949,"NULL"
21804,"NULL"
20375,"NULL"
20218,"NULL"
20161,"NULL"
19875,"NULL"
19515,"NULL"
19397,"NULL"
18988,"NULL"
15318,"NULL"
15031,"NULL"
15003,"NULL"
14472,"NULL"
14280,"NULL"
14112,"NULL"
13773,"NULL"
13768,"NULL"
13319,"NULL"
12021,"NULL"
11814,"NULL"
11666,"NULL"
11486,"NULL"
11342,"NULL"
11260,"CA10"
11032,"NULL"
10996,"NULL"
10929,"NULL"
8346,"NULL"
8111,"NULL"
7794,"NULL"
7456,"NULL"
7403,"NULL"
7057,"NULL"
6453,"NULL"
6407,"NULL"
6280,"NULL"
5690,"NULL"
5645,"NULL"
3633,"NULL"
3356,"NULL"
2669,"NULL"
819,"NULL"
808,"NULL"
701,"NULL"
611,"NULL"
376,"NULL"
2028,"NULL"
7099,"NULL"
8153,"NULL"
21677,"NULL"
26198,"NULL"
9803,"NULL"
4538,"NULL"
17962,"NULL"
64856,"NULL"
64854,"NULL"
9812,"NULL"
64851,"NULL"
64812,"NULL"
64811,"NULL"
27695,"NULL"
10299,"NULL"
8163,"NULL"
52228,"NULL"
2108,"NULL"
35549,"NULL"
35432,"CY03"
43356,"NULL"
44558,"NULL"
47883,"NULL"
49840,"NULL"
23148,"NULL"
9121,"NULL"
3268,"NULL"
2852,"NULL"
5407,"NULL"
6706,"CZ03"
9080,"NULL"
12570,"NULL"
15425,"NULL"
15685,"NULL"
15935,"NULL"
16019,"NULL"
16246,"NULL"
24806,"NULL"
24971,"NULL"
25248,"NULL"
25424,"NULL"
25512,"NULL"
28851,"NULL"
29321,"NULL"
30764,"NULL"
31246,"NULL"
34093,"NULL"
34095,"NULL"
39392,"NULL"
39906,"NULL"
41456,"NULL"
41824,"NULL"
42908,"NULL"
44065,"NULL"
44546,"NULL"
47114,"NULL"
47232,"NULL"
47834,"NULL"
27887,"NULL"
24835,"EG03"
39301,"NULL"
48481,"NULL"
8728,"NULL"
3327,"NULL"
3221,"NULL"
29154,"NULL"
29422,"NULL"
30798,"NULL"
31211,"NULL"
39324,"NULL"
39699,"FI03"
42343,"FI03"
49282,"NULL"
21366,"NULL"
20931,"FI02"
20904,"NULL"
20569,"NULL"
20542,"NULL"
16302,"NULL"
13276,"NULL"
13170,"FI03"
8829,"FI03"
8624,"NULL"
3292,"FI01"
1741,"NULL"
16023,"NULL"
49826,"NULL"
39194,"FI03"
702,"NULL"
1668,"NULL"
1715,"NULL"
1942,"NULL"
2200,"NULL"
2422,"NULL"
2426,"NULL"
8220,"NULL"
8554,"NULL"
9159,"NULL"
12876,"NULL"
13193,"NULL"
16276,"NULL"
20718,"NULL"
28677,"NULL"
34383,"FR06"
35632,"NULL"
39886,"NULL"
48185,"NULL"
25388,"NULL"
29522,"NULL"
31242,"NULL"
35191,"NULL"
38944,"NULL"
42064,"NULL"
43118,"NULL"
20960,"NULL"
20804,"NULL"
16342,"NULL"
15967,"NULL"
13110,"NULL"
12824,"NULL"
8938,"NULL"
8508,"NULL"
8308,"NULL"
8267,"NULL"
6714,"NULL"
1887,"NULL"
34325,"NULL"
39006,"NULL"
39869,"NULL"
44828,"NULL"
33951,"NULL"
30838,"NULL"
35378,"NULL"
31304,"NULL"
30799,"NULL"
35274,"NULL"
34377,"NULL"
13000,"NULL"
35434,"NULL"
28726,"NULL"
28908,"NULL"
29468,"NULL"
29518,"NULL"
33885,"SE03"
34610,"NULL"
42318,"NULL"
42708,"NULL"
47155,"NULL"
158,"NULL"
21250,"NULL"
21195,"NULL"
21052,"NULL"
15782,"NULL"
13189,"NULL"
12552,"NULL"
8473,"NULL"
3292,"NULL"
2874,"NULL"
1653,"NULL"
702,"NULL"
5400,"NULL"
21503,"NULL"
21202,"NULL"
20626,"NULL"
36492,"NULL"
1280,"NULL"
20115,"US04"
20001,"US15"
11427,"US15"
11351,"US15"
11426,"US15"
12271,"US15"
10796,"US15"
19108,"NULL"
6079,"NULL"
11060,"US15"
11955,"US15"
13343,"US15"
11492,"NULL"
20231,"US15"
10994,"US15"
12262,"US15"
33588,"US02"
12083,"NULL"
10838,"US15"
29737,"NULL"
6621,"NULL"
7843,"US15"
3737,"NULL"
11232,"NULL"
174,"NULL"
8047,"NULL"
7459,"NULL"
4181,"NULL"
7017,"US15"
29895,"NULL"
23292,"NULL"
27364,"NULL"
3356,"NULL"
15162,"NULL"
10311,"US15"
19817,"NULL"
2828,"NULL"
18566,"NULL"
29859,"NULL"
22759,"NULL"
1785,"NULL"
13490,"NULL"
2152,"NULL"
31939,"NULL"
14051,"NULL"
5056,"NULL"
11776,"NULL"
23456,"NULL"
197522,"NULL"
24896,"NULL"
25133,"NULL"
25385,"NULL"
28825,"NULL"
29107,"NULL"
29511,"NULL"
29685,"NULL"
30779,"NULL"
30822,"NULL"
30886,"NULL"
30955,"NULL"
31148,"NULL"
31272,"NULL"
31305,"NULL"
31725,"NULL"
33997,"NULL"
34092,"NULL"
34143,"NULL"
34187,"NULL"
34204,"NULL"
34661,"NULL"
34700,"NULL"
34743,"NULL"
35004,"NULL"
35320,"NULL"
35680,"NULL"
35804,"NULL"
35816,"NULL"
39047,"NULL"
39529,"NULL"
39608,"NULL"
39728,"NULL"
41435,"NULL"
41631,"NULL"
41665,"NULL"
41820,"NULL"
42335,"NULL"
42504,"NULL"
42590,"NULL"
42833,"NULL"
43011,"NULL"
43139,"NULL"
43266,"NULL"
43554,"NULL"
43802,"NULL"
45025,"NULL"
47694,"NULL"
48006,"NULL"
48323,"NULL"
48330,"NULL"
48957,"NULL"
49223,"NULL"
49984,"NULL"
50380,"NULL"
196705,"NULL"
196767,"NULL"
21310,"NULL"
21261,"NULL"
21011,"NULL"
20590,"NULL"
15742,"NULL"
15738,"NULL"
15713,"NULL"
15595,"NULL"
15377,"NULL"
13188,"NULL"
12507,"NULL"
12403,"NULL"
8813,"NULL"
8343,"NULL"
6876,"NULL"
6846,"NULL"
5415,"NULL"
3261,"NULL"
3255,"NULL"
43348,"NULL"
43659,"NULL"
44559,"NULL"
513,"NULL"
559,"NULL"
702,"NULL"
1836,"NULL"
6772,"NULL"
8220,"NULL"
8803,"NULL"
8821,"NULL"
8928,"NULL"
9044,"NULL"
10100,"NULL"
12350,"NULL"
12511,"NULL"
12620,"NULL"
15517,"NULL"
15547,"NULL"
15600,"NULL"
15623,"NULL"
21040,"NULL"
21232,"NULL"
21449,"NULL"
33845,"NULL"
34781,"NULL"
41549,"NULL"
41715,"NULL"
42496,"NULL"
44885,"NULL"
25171,"NULL"
29278,"NULL"
31219,"NULL"
31581,"NULL"
35311,"NULL"
43529,"NULL"
44419,"NULL"
44651,"NULL"
47421,"NULL"
2012,"NULL"
21229,"HU06"
15467,"NULL"
12594,"NULL"
8990,"NULL"
8512,"NULL"
8462,"NULL"
6784,"NULL"
6711,"NULL"
3314,"NULL"
3219,"NULL"
2547,"NULL"
1955,"NULL"
24822,"NULL"
23563,"NULL"
23578,"NULL"
38121,"NULL"
38661,"NULL"
38666,"NULL"
18318,"NULL"
18313,"NULL"
18310,"NULL"
17877,"NULL"
17871,"NULL"
17864,"NULL"
17854,"NULL"
17849,"NULL"
17839,"NULL"
17608,"NULL"
17573,"NULL"
10191,"NULL"
10164,"NULL"
10036,"NULL"
9981,"NULL"
9976,"NULL"
9943,"NULL"
9871,"NULL"
9848,"NULL"
9845,"NULL"
9781,"NULL"
9762,"NULL"
9756,"NULL"
9698,"NULL"
9694,"NULL"
9689,"NULL"
9638,"NULL"
9569,"NULL"
9319,"NULL"
7562,"NULL"
6619,"NULL"
4668,"NULL"
4663,"NULL"
17841,"NULL"
9683,"NULL"
47956,"NULL"
50463,"NULL"
378,"NULL"
22927,"AR04"
24164,"NULL"
24165,"NULL"
18429,"NULL"
18182,"NULL"
18049,"NULL"
17809,"NULL"
17716,"NULL"
9924,"NULL"
9919,"NULL"
9416,"NULL"
4780,"NULL"
4662,"NULL"
1659,"NULL"
18177,"NULL"
8248,"NULL"
3323,"NULL"
24413,"NULL"
18025,"NULL"
10230,"NULL"
10098,"NULL"
9729,"NULL"
9584,"NULL"
9381,"NULL"
9293,"NULL"
9229,"NULL"
4645,"NULL"
4616,"NULL"
4528,"NULL"
4158,"NULL"
4058,"NULL"
2706,"NULL"
2519,"NULL"
44515,"NULL"
15474,"NULL"
6677,"IS01"
31441,"NULL"
17465,"NULL"
17488,"NULL"
18002,"NULL"
18207,"NULL"
23682,"NULL"
23860,"NULL"
45194,"NULL"
45528,"NULL"
45769,"NULL"
45774,"NULL"
55577,"NULL"
45488,"NULL"
18209,"NULL"
24186,"NULL"
10029,"NULL"
39111,"NULL"
47580,"NULL"
16509,"NULL"
17451,"NULL"
1213,"NULL"
702,"NULL"
714,"NULL"
2873,"NULL"
34317,"NULL"
31034,"NULL"
137,"NULL"
15589,"NULL"
8928,"NULL"
48291,"NULL"
5396,"NULL"
7385,"NULL"
7065,"NULL"
21284,"NULL"
6939,"NULL"
6614,"NULL"
6298,"US09"
6222,"US20"
6167,"NULL"
5760,"NULL"
4922,"NULL"
3595,"NULL"
3593,"US12"
3561,"NULL"
3549,"NULL"
2914,"NULL"
2711,"NULL"
2698,"NULL"
2686,"US19"
2634,"NULL"
2386,"US19"
1668,"NULL"
1239,"NULL"
721,"NULL"
714,"NULL"
237,"NULL"
80,"NULL"
71,"NULL"
3,"NULL"
7377,"NULL"
8075,"NULL"
8560,"NULL"
10674,"NULL"
10835,"NULL"
10843,"NULL"
11166,"NULL"
11194,"NULL"
11343,"NULL"
11398,"US20"
11456,"US17"
12015,"NULL"
12035,"NULL"
12124,"NULL"
12180,"NULL"
12440,"NULL"
41920,"NULL"
13672,"NULL"
13675,"NULL"
13768,"NULL"
13807,"NULL"
14135,"NULL"
14265,"NULL"
14572,"NULL"
14615,"NULL"
14618,"NULL"
14654,"US19"
14677,"NULL"
14780,"NULL"
14905,"US20"
15003,"NULL"
15169,"NULL"
15305,"NULL"
16718,"US20"
16810,"NULL"
16817,"US01"
16852,"NULL"
16904,"NULL"
17184,"NULL"
17324,"NULL"
17819,"NULL"
18097,"NULL"
18712,"NULL"
19092,"NULL"
19181,"NULL"
19392,"NULL"
19994,"NULL"
20175,"NULL"
20357,"NULL"
21615,"NULL"
21788,"NULL"
21844,"NULL"
21864,"NULL"
21928,"NULL"
23504,"NULL"
23520,"NULL"
25653,"NULL"
25847,"NULL"
25994,"NULL"
26101,"NULL"
26611,"NULL"
26827,"NULL"
27357,"NULL"
29761,"NULL"
29854,"NULL"
30058,"NULL"
30094,"NULL"
30340,"NULL"
30496,"NULL"
31815,"NULL"
32107,"NULL"
32244,"NULL"
32448,"NULL"
32475,"NULL"
32855,"US20"
33070,"NULL"
33182,"NULL"
33655,"US07"
33656,"US07"
33665,"US07"
33739,"NULL"
35902,"NULL"
36149,"NULL"
36351,"NULL"
36646,"NULL"
36752,"NULL"
39939,"NULL"
40285,"NULL"
46375,"NULL"
46475,"NULL"
53318,"NULL"
23456,"NULL"
23974,"NULL"
45223,"NULL"
45629,"NULL"
17565,"NULL"
7693,"TH02"
4750,"NULL"
4621,"NULL"
4618,"NULL"
24718,"NULL"
30890,"NULL"
34358,"NULL"
34711,"NULL"
34744,"NULL"
39737,"NULL"
41496,"NULL"
41763,"NULL"
43890,"NULL"
44139,"NULL"
47148,"NULL"
48838,"NULL"
49210,"NULL"
49687,"NULL"
50915,"NULL"
15471,"NULL"
8751,"NULL"
6910,"NULL"
6663,"NULL"
5606,"NULL"
5541,"NULL"
3233,"NULL"
2614,"NULL"
47147,"NULL"
48277,"NULL"
49074,"NULL"
51474,"NULL"
56859,"NULL"
42143,"NULL"
31102,"NULL"
34979,"NULL"
15858,"NULL"
44739,"NULL"
35584,"NULL"
41440,"RU22"
7582,"NULL"
2042,"NULL"
17564,"NULL"
9930,"NULL"
38552,"NULL"
16345,"NULL"
47395,"NULL"
28812,"NULL"
31133,"NULL"
25490,"RU22"
28840,"NULL"
24955,"NULL"
21479,"RU22"
8997,"RU22"
25405,"RU22"
8359,"RU21"
12705,"RU22"
8402,"RU05"
6828,"RU22"
21017,"RU22"
28719,"RU22"
20485,"RU23"
31213,"NULL"
12389,"RU22"
12768,"RU11"
15500,"RU22"
12683,"RU22"
3239,"RU22"
25513,"RU21"
8732,"RU02"
42610,"RU22"
12332,"RU22"
3216,"RU05"
39435,"RU11"
41668,"RU11"
41843,"RU11"
25515,"RU22"
21127,"RU23"
35154,"RU22"
39927,"NULL"
41661,"RU11"
25008,"RU22"
6767,"RU21"
42116,"RU11"
42420,"NULL"
25436,"RU22"
13174,"NULL"
33934,"RU22"
8570,"RU22"
31094,"RU22"
8675,"RU22"
29456,"RU22"
8615,"NULL"
2878,"RU22"
43468,"RU22"
39229,"RU22"
34584,"RU22"
44775,"NULL"
6856,"NULL"
34449,"RU22"
31036,"NULL"
20632,"NULL"
34590,"RU11"
42682,"RU11"
41682,"RU11"
35807,"RU20"
31163,"NULL"
42145,"NULL"
44677,"NULL"
21487,"RU22"
28890,"NULL"
29497,"NULL"
12714,"NULL"
24699,"RU22"
21453,"NULL"
31200,"NULL"
5591,"RU22"
8439,"NULL"
34168,"RU22"
41786,"RU11"
24612,"RU22"
28884,"NULL"
31224,"NULL"
34145,"NULL"
31514,"NULL"
31208,"NULL"
34875,"RU22"
35531,"RU22"
34137,"RU22"
47241,"NULL"
13304,"NULL"
47313,"NULL"
41727,"RU11"
15774,"RU23"
41754,"RU11"
35125,"RU22"
13118,"RU22"
31205,"NULL"
41822,"RU21"
35473,"NULL"
42825,"RU22"
12668,"NULL"
12730,"RU22"
8369,"NULL"
44507,"NULL"
29209,"NULL"
43132,"NULL"
41704,"NULL"
35177,"RU22"
31195,"NULL"
42038,"NULL"
43478,"RU11"
39811,"NULL"
31585,"NULL"
42683,"RU11"
12958,"NULL"
42754,"NULL"
13056,"RU22"
48212,"NULL"
8594,"RU22"
41592,"NULL"
40993,"NULL"
25159,"NULL"
3226,"NULL"
8371,"RU05"
15582,"RU02"
34533,"RU11"
38951,"NULL"
41733,"NULL"
50543,"RU11"
51034,"NULL"
5408,"NULL"
7643,"VN03"
18747,"NULL"
43242,"NULL"
21502,"NULL"
34464,"NULL"
23674,"NULL"
23966,"NULL"
38193,"NULL"
9387,"PK06"
26105,"NULL"
21599,"NULL"
18809,"NULL"
3551,"NULL"
52284,"NULL"
23944,"NULL"
45499,"NULL"
17639,"NULL"
9386,"NULL"
25137,"NULL"
1930,"NULL"
36423,"PR02"
36810,"NULL"
16649,"NULL"
5786,"NULL"
29170,"NULL"
31042,"RS04"
33983,"NULL"
35573,"NULL"
41897,"NULL"
51052,"NULL"
21215,"RS04"
15926,"NULL"
13303,"NULL"
13092,"NULL"
13091,"NULL"
12558,"NULL"
8771,"NULL"
8661,"NULL"
6700,"RS03"
44712,"NULL"
41937,"NULL"
25496,"NULL"
29405,"NULL"
31117,"NULL"
31127,"NULL"
34820,"NULL"
35328,"NULL"
42841,"NULL"
48326,"NULL"
16295,"NULL"
16160,"NULL"
8264,"NULL"
8257,"NULL"
5610,"NULL"
5578,"NULL"
2607,"NULL"
2107,"NULL"
35471,"NULL"
42613,"NULL"
44647,"NULL"
9119,"NULL"
12810,"NULL"
29975,"NULL"
33762,"ZA01"
36874,"NULL"
36937,"NULL"
2018,"NULL"
16637,"NULL"
12258,"ZA04"
10474,"ZA04"
5713,"NULL"
3741,"NULL"
174,"NULL"
29119,"NULL"
43904,"NULL"
12334,"NULL"
766,"NULL"
13143,"ES02"
15732,"NULL"
11845,"ZA05"
37130,"NULL"
38229,"NULL"
5087,"NULL"
42910,"NULL"
12978,"TR04"
12735,"NULL"
8517,"NULL"
34296,"TR05"
38550,"NULL"
24326,"NULL"
45133,"NULL"
17645,"NULL"
9877,"NULL"
9419,"NULL"
9292,"NULL"
7634,"NULL"
7472,"NULL"
109,"NULL"
46078,"NULL"
24163,"NULL"
38839,"NULL"
15201,"NULL"
9800,"CN04"
9929,"CN04"
17623,"CN04"
17672,"CN02"
17785,"CN02"
17799,"CN02"
1257,"DE09"
17820,"IN06"
5486,"IL03"
8584,"IL04"
25351,"NO06"
21483,"RU05"
12970,"ES02"
20921,"ES04"
12429,"CH03"
5417,"NL03"
8209,"NL05"
8341,"NL06"
20689,"NL03"
30776,"NL06"
12918,"FI01"
13066,"ES02"
5561,"HU03"
8642,"DK02"
1902,"CZ01"
17430,"CN05"
31338,"RU21"
1257,"BE03"
15512,"CZ04"
9837,"AU02"
22291,"US04"
31312,"GB04"
8425,"HU06"
9457,"NULL"
16054,"RU22"
6197,"US19"
18822,"CL02"
22909,"US07"
23779,"JP06"
29101,"HU03"
19548,"US15"
8642,"SE03"
13571,"CA09"
31513,"PT04"
16967,"US19"
16012,"RU21"
6830,"SE01"
12375,"FI01"
15833,"PL02"
19157,"US04"
9277,"KR06"
9196,"IE05"
8493,"CH01"
15605,"NULL"
34033,"FR05"
8434,"NO04"
4670,"NULL"
12435,"DK03"
13177,"SE03"
3257,"IT03"
11707,"US15"
24828,"CZ04"
8052,"US15"
1257,"DK02"
6731,"RU21"
8638,"DE13"
6830,"NO01"
19444,"US04"
6721,"CZ01"
19115,"US04"
9345,"NZ03"
30947,"PT04"
9238,"IN06"
29372,"FR06"
6837,"CH03"
6813,"ES05"
8394,"NO04"
8984,"SE03"
15485,"CZ01"
3246,"DK01"
16629,"CL03"
3505,"US17"
6198,"US19"
8733,"BE04"
8266,"BE01"
31408,"NULL"
4763,"NZ03"
19632,"CL05"
12708,"GB04"
800,"CA05"
5089,"IE08"
16202,"DE08"
6728,"GB04"
12424,"ES03"
31070,"PT04"
8807,"DK02"
9727,"NULL"
6830,"BE04"
4355,"NULL"
13407,"NULL"
12358,"NULL"
42036,"NULL"
8387,"NULL"
2647,"NULL"
1111,"NULL"
1776,"NULL"
21079,"NULL"
1114,"NULL"
16509,"NULL"
1117,"NULL"
199083,"NULL"
2494,"NULL"
6262,"NULL"
2036,"NULL"
17477,"NULL"
12311,"NULL"
31382,"NULL"
6883,"NULL"
4826,"NULL"
8390,"NULL"
9503,"NULL"
7475,"NULL"
8262,"NULL"
48452,"NULL"
16154,"NULL"
201360,"NULL"
21230,"NULL"
29687,"NULL"
12796,"NULL"
200002,"NULL"
53037,"NULL"
16397,"NULL"
1403,"NULL"
16276,"NULL"
28271,"NULL"
52733,"NULL"
22368,"CO02"
1257,"NULL"
17638,"CN02"
24444,"NULL"
56040,"NULL"
56041,"NULL"
5588,"CZ01"
197451,"NULL"
2571,"NULL"
6740,"NULL"
43708,"NULL"
198403,"NULL"
51207,"NULL"
5588,"HU02"
50613,"NULL"
60300,"NULL"
21268,"IS04"
6775,"NULL"
1273,"NULL"
17665,"NULL"
23772,"NULL"
24554,"NULL"
38457,"NULL"
9605,"NULL"
4686,"NULL"
9198,"KZ02"
29355,"NULL"
21299,"NULL"
39725,"KZ02"
15965,"NULL"
12709,"MT02"
15735,"MT01"
33874,"NULL"
22566,"NULL"
28545,"MX02"
36903,"MA01"
1136,"NULL"
20940,"NULL"
16625,"NULL"
35916,"NULL"
21286,"NULL"
1128,"NULL"
33915,"NULL"
56030,"NULL"
57043,"NULL"
23905,"NULL"
45172,"NULL"
41483,"NULL"
45814,"NULL"
55714,"NULL"
132165,"NULL"
21575,"NULL"
132199,"NULL"
16276,"NULL"
62005,"NULL"
8926,"NULL"
197207,"NULL"
34714,"NULL"
5588,"NULL"
57217,"NULL"
50157,"NULL"
39543,"NULL"
12632,"NULL"
9112,"NULL"
15855,"NULL"
21111,"NULL"
41201,"NULL"
34339,"NULL"
5550,"NULL"
12324,"NULL"
8970,"NULL"
8323,"NULL"
6778,"NULL"
29649,"NULL"
15694,"NULL"
30851,"NULL"
42739,"NULL"
12618,"NULL"
8342,"NULL"
58313,"NULL"
2854,"NULL"
13238,"NULL"
12695,"NULL"
3267,"NULL"
44050,"NULL"
2118,"NULL"
48347,"NULL"
6690,"NULL"
1257,"NULL"
39272,"NULL"
12772,"RU20"
42362,"RU22"
3253,"RU05"
34602,"NULL"
41691,"NULL"
2895,"NULL"
47165,"NULL"
60496,"NULL"
16301,"RU22"
39891,"NULL"
20597,"NULL"
34974,"NULL"
34123,"NULL"
197498,"NULL"
6854,"NULL"
5523,"NULL"
8470,"NULL"
30868,"NULL"
8377,"NULL"
25532,"NULL"
42277,"NULL"
21246,"NULL"
15468,"NULL"
12418,"NULL"
48781,"NULL"
25086,"NULL"
35728,"NULL"
29190,"NULL"
15640,"NULL"
2875,"NULL"
8443,"NULL"
48524,"NULL"
21378,"NULL"
6863,"NULL"
51570,"RU11"
8492,"NULL"
8905,"NULL"
8580,"NULL"
5563,"NULL"
8331,"NULL"
44281,"NULL"
31214,"NULL"
50195,"NULL"
41134,"NULL"
42293,"NULL"
2683,"NULL"
2905,"NULL"
39102,"NULL"
34267,"NULL"
35000,"NULL"
25408,"NULL"
37457,"ZA02"
8427,"NULL"
49505,"NULL"
12091,"NULL"
51604,"NULL"
48642,"NULL"
39493,"NULL"
12688,"NULL"
48172,"NULL"
20807,"NULL"
50923,"NULL"
44546,"NULL"
41560,"NULL"
28745,"NULL"
6801,"NULL"
2820,"NULL"
49342,"NULL"
16285,"NULL"
51645,"NULL"
8334,"NULL"
42368,"NULL"
24739,"NULL"
52207,"NULL"
39134,"NULL"
30922,"NULL"
8595,"NULL"
34456,"NULL"
15974,"NULL"
51964,"NULL"
30881,"NULL"
15756,"NULL"
58272,"NULL"
8416,"NULL"
56736,"NULL"
35539,"NULL"
31257,"NULL"
39812,"NULL"
6830,"CH01"
15585,"NULL"
8640,"NULL"
15675,"NULL"
49071,"NULL"
49335,"NULL"
44776,"NULL"
8883,"NULL"
34578,"NULL"
23969,"TH01"
131445,"NULL"
31365,"NULL"
47331,"TR01"
57166,"NULL"
29632,"NULL"
49858,"NULL"
48683,"NULL"
6712,"NULL"
45543,"VN05"
1273,"NULL"
16223,"NULL"
45903,"NULL"
1290,"NULL"
48437,"NULL"
34867,"NULL"
5503,"NULL"
9205,"NULL"
1668,"NULL"
25500,"NULL"
8426,"NULL"
5413,"NULL"
15683,"NULL"
8928,"NULL"
60339,"NULL"
47800,"NULL"
3356,"NULL"
49125,"NULL"
15395,"NULL"
35362,"NULL"
3254,"NULL"
43120,"NULL"
51784,"NULL"
48045,"NULL"
44924,"NULL"
39906,"NULL"
41911,"NULL"
24881,"NULL"
47702,"NULL"
34056,"NULL"
29442,"NULL"
15772,"NULL"
3651,"NULL"
306,"NULL"
11003,"NULL"
35994,"NULL"
10455,"NULL"
4249,"NULL"
668,"NULL"
4152,"NULL"
1761,"NULL"
16509,"NULL"
81,"NULL"
1660,"NULL"
20940,"NULL"
3479,"NULL"
4565,"NULL"
10695,"NULL"
27064,"NULL"
210,"NULL"
18676,"NULL"
2687,"NULL"
600,"NULL"
13335,"NULL"
4010,"NULL"
1226,"NULL"
18779,"NULL"
109,"NULL"
46690,"NULL"
72,"NULL"
5006,"NULL"
16625,"NULL"
22284,"NULL"
7155,"NULL"
8103,"NULL"
297,"NULL"
7792,"NULL"
3371,"NULL"
1906,"NULL"
6461,"NULL"
6325,"NULL"
51964,"NULL"
3491,"NULL"
395,"NULL"
665,"NULL"
387,"NULL"
2572,"NULL"
26496,"NULL"
157,"NULL"
19773,"NULL"
7046,"NULL"
440,"NULL"
3354,"NULL"
32392,"NULL"
36352,"NULL"
10722,"NULL"
4193,"NULL"
2381,"NULL"
31822,"NULL"
18978,"NULL"
87,"NULL"
4436,"NULL"
13354,"NULL"
22898,"NULL"
36647,"NULL"
46606,"NULL"
31377,"NULL"
22017,"NULL"
1767,"NULL"
37978,"NULL"
60974,"NULL"
8075,"NULL"
42114,"NULL"
41701,"NULL"
51896,"IS03"
55410,"NULL"
5532,"MT01"
18734,"NULL"
45138,"NULL"
199590,"NULL"
3210,"NULL"
49287,"NULL"
44348,"NULL"
43660,"NULL"
8641,"NULL"
58115,"NULL"
15576,"NULL"
41018,"NULL"
42331,"NULL"
36925,"NULL"
30983,"NULL"
36666,"NULL"
5434,"NULL"
35566,"NULL"
48503,"NULL"
50482,"KZ02"
15736,"NULL"
39824,"NULL"
20521,"NULL"
12046,"NULL"
34558,"NULL"
15892,"NULL"
35356,"NULL"
35713,"NULL"
3132,"NULL"
19180,"PE03"
3549,"NULL"
262210,"NULL"
27843,"NULL"
52400,"NULL"
51964,"NULL"
36935,"NULL"
20928,"NULL"
15804,"NULL"
6127,"NULL"
7602,"VN02"
48030,"NULL"
1668,"NULL"
50528,"NULL"
21305,"NULL"
34748,"NULL"
29485,"NULL"
39211,"NULL"
35753,"SA03"
35388,"NULL"
5080,"NULL"
13041,"NULL"
